name,barcode,price,weight,category,date
Bulk Super Soft 2 Ply Toilet Paper 18 pk,6005000252309,148.99,,Household,16-05-2023
Baby Soft White 2 Ply Toilet Paper 18 pk,6001019000252,148.99,,Household,16-05-2023
Super Soft 2 Ply Toilet Paper 9 pk,20183714,78.99,,Household,16-05-2023
Aquafresh Blue Toothpaste 100 ml,6001076001025,17.99,0.1,Household,16-05-2023
Lux Soft Caress Beauty Soap 4 x 100 g,6001087009270,34.99,0.4,Household,16-05-2023
Sensodyne Gentle Whitening Toothpaste 75 ml,6001076192303,44.99,0.07,Household,16-05-2023
Dual Textured Facial Cotton Pads 80 pk,6009101145348,36.99,,Household,16-05-2023
Super Soft 2 Ply Toilet Paper 4 pk,20003661,45.99,,Household,16-05-2023
Spicy Citrus 3 in 1 Hygiene Handwash 250 ml,20194802,49.99,0.25,Household,16-05-2023
Baby Soft Flushable Toilet Tissue Wipes 42 pk,6001019908060,39.99,,Household,16-05-2023
Colgate Maximum Cavity Protection Regular Toothpaste 100 ml,6001067066613,24.99,0.1,Household,16-05-2023
Almond Milk and Vanilla Hand Wash 250 ml,6009211637429,44.99,0.25,Household,16-05-2023
Sensodyne Whitening Repair and Protect Toothpaste 75 ml,6001076192525,73.99,0.07,Household,16-05-2023
Dettol Hygiene Original Liquid Hand Wash 200 ml,6001106224592,42.99,0.2,Household,16-05-2023
Dettol Hygiene Sensitive Liquid Hand Wash 200 ml,6001106224608,42.99,0.2,Household,16-05-2023
Sensodyne Repair and Protect Toothpaste 75 ml,6001076192518,73.99,0.07,Household,16-05-2023
Lemon Verbena Hand Wash 250 ml,6009211634886,44.99,0.25,Household,16-05-2023
Sanex Dermo Moisturising Shower and Bath Gel 500 ml,8714789763439,79.99,0.5,Household,16-05-2023
Kids Aquafresh Little Teeth Toothpaste 50 ml,6001076139605,21.99,0.05,Household,16-05-2023
Aquafresh Mild and Minty Toothpaste 100 ml,6001076001032,17.99,0.1,Household,16-05-2023
Shea Butter and Honey Hand Wash 250 ml,6009211637252,44.99,0.25,Household,16-05-2023
Dove Original Roll On 50 ml,60098764,29.99,0.05,Household,16-05-2023
Listerine Cool Mint Anti-Bacterial Mouthwash 500 ml,6001135009450,74.99,0.5,Household,16-05-2023
Panado Tablets Blister Pack 24 Tablets,6001206421983,33.99,,Household,16-05-2023
Colgate Gel Toothpaste 100 ml,6001067066293,24.99,0.1,Household,16-05-2023
Paper Stem Cotton Buds 100 pk,6009101145379,21.99,,Household,16-05-2023
Listerine Freshburst Anti-Bacterial Mouthwash 500 ml,6001135009498,74.99,0.5,Household,16-05-2023
Panado 24 Tablets,60011053,33.99,,Household,16-05-2023
Kids Aquafresh My Big Teeth Toothpaste 50 ml,6001076139704,21.99,0.05,Household,16-05-2023
Colgate Triple Action Original Mint Toothpaste 100 ml,6920354814891,21.99,0.1,Household,16-05-2023
Fresh Mint 3 in 1 Hygiene Handwash 250 ml,6009204724990,49.99,0.25,Household,16-05-2023
Always Ultra Night Pads 7 pk,4015400501008,27.99,,Household,16-05-2023
Elastoplast Water Resistant Plasters 20 pk,4005800042782,30.99,,Household,16-05-2023
Sanex Dermo Hypo-Allergenic Shower Gel 500 ml,8714789762524,79.99,0.5,Household,16-05-2023
Sensodyne Complete Protection Toothpaste 75 ml,6001076192662,73.99,0.07,Household,16-05-2023
Lux Soft Caress Beauty Soap 175 g,6001087361286,16.99,0.17,Household,16-05-2023
Nivea Rich Nourishing Moisturiser Body Lotion 400 ml,4005808236879,72.99,0.4,Household,16-05-2023
Protex Fresh AntiGerm Soap 150 g,6001067004264,17.99,0.15,Household,16-05-2023
Dove Go Fresh Cucumber and Green Tea Antiperspirant Deodorant Roll-on 50 ml,60017505,29.99,0.05,Household,16-05-2023
Nivea 3-In-1 Gentle Cleansing Facial Wipes 25 pk,4005808185245,49.99,,Household,16-05-2023
Dettol Hygiene Fresh Handwash 200 ml,6001106224615,42.99,0.2,Household,16-05-2023
Earth Friendly Aloe and Apple Hand Wash 250 ml,6009214457833,49.99,0.25,Household,16-05-2023
Dove Original Body Spray 150 ml,6001085127334,43.99,0.15,Household,16-05-2023
Almond Milk and Vanilla Body Wash 500 ml,6009211634961,68.99,0.5,Household,16-05-2023
Hygiene Green Tea Fragranced Hand Wash 500 ml,6009211638563,69.99,0.5,Household,16-05-2023
Panado 20 Capsules,6004405003271,50.99,,Household,16-05-2023
Dettol Hygiene Original Liquid Hand Wash Refill 200 ml,6001106123062,39.99,0.2,Household,16-05-2023
Dettol Antiseptic Liquid 750 ml,6001016400000,99.99,0.75,Household,16-05-2023
Sanex Dermo Pro Hydrate Shower Cream 500 ml,8714789763804,79.99,0.5,Household,16-05-2023
Nivea For Men Sensitive Shaving Gel 200 ml,5025970023243,94.99,0.2,Household,16-05-2023
Always Ultra Sensitive Normal Pads 20 pk,4015400069980,51.99,,Household,16-05-2023
Always Ultra Sensitive Long Pads 16 pk,4015400032328,51.99,,Household,16-05-2023
Schick Quattro For WOMEN Disposable Razors 3 pk,4891228460242,81.99,,Household,16-05-2023
Sensodyne Multi Care Toothpaste 75 ml,6001076192556,45.99,0.07,Household,16-05-2023
Hygiene Green Tea Fragranced Hand Wash 250 ml,6009211653412,49.99,0.25,Household,16-05-2023
Calpol Paediatric Syrup 100 ml,6001424000021,64.99,0.1,Household,16-05-2023
Sensodyne Clean and Fresh Toothpaste 75 ml,6001076192594,44.99,0.07,Household,16-05-2023
Green Tea Hand Cleanser 250 ml,6009211637344,34.99,0.25,Household,16-05-2023
Tresemmé Moisture Rich Shampoo 900 ml,5012254056707,108.99,0.9,Household,16-05-2023
Lil-lets Smartfit Regular Tampons 32 Pcs,6009508400484,49.99,,Household,16-05-2023
Colgate Optic White Instant Fluoride Toothpaste 75 ml,8714789930848,73.99,0.07,Household,16-05-2023
Lil-lets Smartfit Super Plus Tampons 16 Pcs,6009508400552,31.99,,Household,16-05-2023
OralFresh Fresh Mint Dental Floss 50 m,6009101806508,64.99,,Household,16-05-2023
Nivea For Men Silver Protect Shower Gel 250 ml,4005808596324,44.99,0.25,Household,16-05-2023
Nivea Care Lemongrass and Oil Shower Gel 250 ml,6001051003433,44.99,0.25,Household,16-05-2023
Shea Butter and Honey Body Wash 500 ml,6009211634800,68.99,0.5,Household,16-05-2023
Listerine Zero Mild Mint Mouthwash 1 L,3574661202136,119.99,1.0,Household,16-05-2023
Hygiene Hand Wipes 10 Pcs,6009211638457,19.99,,Household,16-05-2023
Axe Black Body Spray 150 ml,6001087364614,39.99,0.15,Household,16-05-2023
Lemon Verbena Body Wash 500 ml,6009211662124,68.99,0.5,Household,16-05-2023
Nivea Soft Moisturising Cream 200 ml,5025970022574,51.99,0.2,Household,16-05-2023
Listerine Mild Berry Smart Rinse Mouthwash 500 ml,3574661352299,74.99,0.5,Household,16-05-2023
Nivea For Men Sport Shower Gel 250 ml,4005808130610,44.99,0.25,Household,16-05-2023
Dettol Hygiene Fresh Handwash Refill 200 ml,6001106124137,39.99,0.2,Household,16-05-2023
Pantene Pro-V Aqua Light Shampoo 400 ml,5013965696411,93.99,0.4,Household,16-05-2023
Lifestyle Libresse Ultra Thin Goodnight Pads 10 pk,7322540831016,29.99,,Household,16-05-2023
Lemon Verbena Hand Lotion 250 ml,6009211637313,58.99,0.25,Household,16-05-2023
Protex Herbal AntiGerm Soap 150 g,6001067004271,17.99,0.15,Household,16-05-2023
Protex Deep Clean AntiGerm Soap 4 x 150 g,6001067604853,54.99,0.6,Household,16-05-2023
Almond Milk and Vanilla Hand Lotion 250 ml,6009211637351,58.99,0.25,Household,16-05-2023
Johnson's Daily Essentials Refreshing Cleansing Facial Wipes 25 pcs,3574660583342,54.99,,Household,16-05-2023
Nivea Intensive Body Lotion 400 ml,4005808237135,72.99,0.4,Household,16-05-2023
Protex Deep Clean AntiGerm Soap 150 g,6001067004318,17.99,0.15,Household,16-05-2023
Kids Melon Scented Alcohol Free Face and Hand Wipes 60 pcs,6009178658772,44.99,,Household,16-05-2023
Lifestyle Libresse Daily Fresh Pantyliners 40 pk,7322540817775,32.99,,Household,16-05-2023
Bio-Oil Skincare Oil 125 ml,6009803459019,179.99,0.12,Household,16-05-2023
Dettol No-Touch Refill Hand Wash 250 ml,6001106124496,75.99,0.25,Household,16-05-2023
Listerine Mild Mint Smart Rinse Mouthwash 500 ml,3574661352824,74.99,0.5,Household,16-05-2023
Tresemmé Moisture Rich Conditioner 900 ml,5012254056691,108.99,0.9,Household,16-05-2023
Vaseline Blue Seal Original Petroleum Jelly 250 ml,6001087005661,49.99,0.25,Household,16-05-2023
Balancing Shampoo for Normal Hair 250 ml,6009211653399,89.99,0.25,Household,16-05-2023
Kids Aquafresh Milk Teeth Toothpaste 50 ml,6001076139506,21.99,0.05,Household,16-05-2023
Shea Butter and Honey Hand Lotion 250 ml,6009211637269,58.99,0.25,Household,16-05-2023
Sanex Men Active Control Roll On 50 ml,8714789763460,31.99,0.05,Household,16-05-2023
Nivea 3-in-1 Refreshing Cleansing Facial Wipes 25 pk,4005808179008,49.99,,Household,16-05-2023
Brut Original Deodorant Body Spray 120 ml,6001088080681,39.99,0.12,Household,16-05-2023
Lil-lets Super Tampons 16 Pcs,6009508400651,27.99,,Household,16-05-2023
Purifying Charcoal Face Wipes 25 Pcs,6009214515274,49.99,,Household,16-05-2023
Almond Milk and Vanilla Body Butter 200 ml,6009211638266,64.99,0.2,Household,16-05-2023
100% Cotton Wool Roll 100 g,6009101145362,29.99,0.1,Household,16-05-2023
Colgate Total 12 Clean Mint Toothpaste 75 ml,6920354819667,51.99,0.07,Household,16-05-2023
Aquafresh Herbal Toothpaste 100 ml,6001076121808,17.99,0.1,Household,16-05-2023
Sensodyne Rapid Relief Toothpaste 75 ml,6001076001278,73.99,0.07,Household,16-05-2023
Disprin Extra Strength 24 Tabs,6001016400239,69.99,,Household,16-05-2023
Pantene Pro-V Repair and Protect Shampoo 400 ml,5000174500097,93.99,0.4,Household,16-05-2023
Lenthéric Solo Original Body Spray 150 ml,6001567087514,36.99,0.15,Household,16-05-2023
Dove For Men Clean Comfort Body Spray 150 ml,6001087010474,43.99,0.15,Household,16-05-2023
Balancing Shampoo for Normal Hair 50 ml,6009211637511,34.99,0.05,Household,16-05-2023
Nivea For Men Invisible for Black and White Roll On 50 ml,42299806,29.99,0.05,Household,16-05-2023
Nivea Intensive Moisturising Body Cream 400 ml,4005808780563,72.99,0.4,Household,16-05-2023
Lil-lets Smartfit Multipack Tampons 24 Pcs,6009508400514,75.99,,Household,16-05-2023
"Smoothing Conditioner for Dry, Frizzy Hair 250 ml",6009211674806,89.99,0.25,Household,16-05-2023
Grandpa Headache Powders 38 Pcs,6001076037079,79.99,,Household,16-05-2023
Grandpa Headache Tablets 24 pk,60015204,37.99,,Household,16-05-2023
Revlon Pink Happiness Body Spray 90 ml,6004045018628,33.99,0.09,Household,16-05-2023
Listerine Total Care Clean Mint Mouthwash 500 ml,6003001015596,99.99,0.5,Household,16-05-2023
Kotex Super with Wings Ultra Thin Pads 8 pk,5029053535746,27.99,,Household,16-05-2023
Protex For Men Sport AntiGerm Soap 150 g,6001067104155,18.99,0.15,Household,16-05-2023
Sensodyne Rapid Relief  WhiteningToothpaste 75 ml,6001076001322,73.99,0.07,Household,16-05-2023
Lemon Verbena Hand Cleanser 250 ml,6009211638426,34.99,0.25,Household,16-05-2023
Lil-lets Smartfit Regular Tampons 16 Pcs,6009508400538,27.99,,Household,16-05-2023
Eucalyptus & Mint Heel Balm 50 ml,6009214550732,64.99,0.05,Household,16-05-2023
Labello Hydro-Care Lip Balm 4.8 g,6001051950904,34.99,0.01,Household,16-05-2023
Mitchum Advanced Powder Fresh Invisible Roll On 50 ml,6001378048506,45.99,0.05,Household,16-05-2023
Mitchum Advanced Shower Fresh Invisible Roll On 50 ml,6001378048513,46.99,0.05,Household,16-05-2023
Tresemmé Botanic Moisture and Replenish Shampoo For Dry Hair 750 ml,8710908180460,108.99,0.75,Household,16-05-2023
Sea Salt and Wood Sage 5-in-1 Men's Shower Gel 400 ml,6009214637716,69.99,0.4,Household,16-05-2023
Lifestyle Libresse Cotton Feel Super Pads 9 pk,7322540823318,23.99,,Household,16-05-2023
Nivea Pampering Shower Oil 200 ml,4005808130269,69.99,0.2,Household,16-05-2023
Nivea Irresistibly Smooth Body Lotion 400 ml,4005808247431,72.99,0.4,Household,16-05-2023
Kotex Normal with Wings Ultra Thin Pads 10 pk,5029053535739,27.99,,Household,16-05-2023
Aquafresh Complete Care Whitening Toothpaste 75 ml,6001076140908,28.99,0.07,Household,16-05-2023
Fragrance Free Hand Wipes 10 Pcs,6009211635067,14.99,,Household,16-05-2023
Cucumber Face Wash 50 ml,6009211638273,34.99,0.05,Household,16-05-2023
Lux Velvet Touch Beauty Soap 175 g,6001087361309,16.99,0.17,Household,16-05-2023
Pantene Pro-V  Repair and Protect Conditioner 400 ml,5000174499780,93.99,0.4,Household,16-05-2023
Aquafresh Pure White Soft Mint Toothpaste 75 ml,6001076002916,37.99,0.07,Household,16-05-2023
Kotex Everyday Pantyliners 20 pk,6001019903973,19.99,,Household,16-05-2023
Savlon Antiseptic Liquid 750 ml,6003001000622,89.99,0.75,Household,16-05-2023
Dove Grapefruit and Lemongrass Body Spray 150 ml,6001087003322,43.99,0.15,Household,16-05-2023
Nivea Irresistibly Smooth Shower Cream 500 ml,6001051000869,69.99,0.5,Household,16-05-2023
Almond Milk and Vanilla Foam Bath 1 L,6009211635227,89.99,1.0,Household,16-05-2023
Cucumber Alcohol Free Face Wipes 10 Pcs,6009211638297,19.99,,Household,16-05-2023
Berocca Effervescent Tablets 20 pk,6003787022061,199.99,,Household,16-05-2023
"Cleansing Face Wipes For Face, Lips and Eyes 25 Pcs",6009214515298,49.99,,Household,16-05-2023
"Fragrance Free Cleansing Face Wipes For Eyes, Lips and Face 25 Pcs",6009214515281,49.99,,Household,16-05-2023
Cotton Facial Cleansing Pads 30 pk,6009214463582,19.99,,Household,16-05-2023
Elastoplast Disney Frozen Plasters 20 Pcs,4005800187728,41.99,,Household,16-05-2023
Head and Shoulders 2in1 Anti-dandruff Shampoo 400 ml,5000174900774,114.99,0.4,Household,16-05-2023
Nivea for Men Deep Anti-Perspirant Body Spray 150 ml,6001051002887,45.99,0.15,Household,16-05-2023
Colgate Total 12 Pro Gum Health Toothpaste 75 ml,6920354819681,52.99,0.07,Household,16-05-2023
AXE Wild Spice Deodorant Spray 150 ml,6001087364690,39.99,0.15,Household,16-05-2023
Nivea Dry Confidence Roll On 50 ml,42299868,29.99,0.05,Household,16-05-2023
Oral-B Classic 123 Medium 40 Toothbrush 2 pk,3014260023041,32.99,,Household,16-05-2023
Fragrance Free Micellar Make-Up Removing Wipes 25 Pcs,6009214515311,49.99,,Household,16-05-2023
OralFreshPro Whitening Expanding Fresh Mint Flavoured Dental Floss 30 m,6009207611952,64.99,,Household,16-05-2023
Nivea Fresh Pure Shower Gel 250 ml,6001051001323,44.99,0.25,Household,16-05-2023
Nivea Cocoa Butter Body Cream 400 ml,6001051000364,72.99,0.4,Household,16-05-2023
Aquafresh Pure White Tingling Mint Toothpaste 75 ml,6001076002930,35.99,0.07,Household,16-05-2023
Baby Dove Rich Moisture Bar 75 g,8710908657092,15.99,0.07,Household,16-05-2023
Listerine Total Care Sensitive Clean Mint Mouthwash 500 ml,6003001021542,99.99,0.5,Household,16-05-2023
Lil-lets Regular Ultra Thin Medium Length Pads 10 pk,6009508405434,25.99,,Household,16-05-2023
Nivea For Men Sport Shower Gel 500 ml,4005808135561,74.99,0.5,Household,16-05-2023
Always Ultra Value Pack Long 2 x 7 pk,4015400041801,52.99,,Household,16-05-2023
Always Ultra Cotton Soft Pads 10 pk,4015400069942,27.99,,Household,16-05-2023
Lil-lets Smartfit Mini Tampons 16 Pcs,6009508400675,27.99,,Household,16-05-2023
Sanex Dermo Pro Hydrate Shower and Bath Gel 750 ml,8714789890333,99.99,0.75,Household,16-05-2023
Lemon Verbena Body Wash 250 ml,6009211634992,49.99,0.25,Household,16-05-2023
Nivea Men Energy Shower Gel 500 ml,4005808130146,74.99,0.5,Household,16-05-2023
Dove Mineral Touch Anti-Perspirant Body Spray 150 ml,6001087366175,43.99,0.15,Household,16-05-2023
Pantene Pro-V Aqua Light Conditioner 400 ml,5013965696626,93.99,0.4,Household,16-05-2023
Panado Paediatric Strawberry Syrup 100 ml,6009695580167,64.99,0.1,Household,16-05-2023
Rennie Spearmint Antacid Tablets 24 pk,6003787133064,45.99,,Household,16-05-2023
Lifestyle Libresse Ultra Thin Long Wings Pads 2 x 8 pk,7322540830958,50.99,,Household,16-05-2023
Nivea Cocoa Butter Body Moisturiser 400 ml,6001051000036,72.99,0.4,Household,16-05-2023
Eno Regular 100 g,6001076515003,65.99,0.1,Household,16-05-2023
Johnson's Daily Essentials Gentle Exfoliating Face Wash 150 ml,3574660583168,69.99,0.15,Household,16-05-2023
Nivea Energy Fresh Body Spray 150 ml,4005808837502,45.99,0.15,Household,16-05-2023
Earth Friendly Fragrance Free Hand Wash 250 ml,6009214457826,49.99,0.25,Household,16-05-2023
Nivea Creme Soft Shower Cream 500 ml,6001051001248,69.99,0.5,Household,16-05-2023
Labello Lip Balm For Men Active Care 4.8 g,4005808651511,34.99,0.01,Household,16-05-2023
Sanex Dermo Invisible Anti-Perspirant Roll On 50 ml,8714789762876,31.99,0.05,Household,16-05-2023
Mitchum Power Gel Shower Fresh Roll On 63 g,309973234000,84.99,0.06,Household,16-05-2023
Gillette Venus Simply 3 Disposable Razors 3 pk,7702018069927,84.99,,Household,16-05-2023
Lemon Verbena Body Butter 200 ml,6009211637559,64.99,0.2,Household,16-05-2023
Nivea Men Invisible For Black and White Body Spray 200 ml,6001051000173,52.99,0.2,Household,16-05-2023
Gillette Fusion Power Razor Blades 4 pk,7702018877591,409.99,,Household,16-05-2023
Embody Cocoa Butter and Honey Moisturising Soap Bar 175 g,6009195468149,18.99,0.17,Household,16-05-2023
Sanex Dermo Protector Shower and Bath Gel 750 ml,8714789782577,89.99,0.75,Household,16-05-2023
Almond Milk and Vanilla Foam Bath 500 ml,6009211635111,64.99,0.5,Household,16-05-2023
Lenthéric Panache Body Spray 90 ml,6001567089235,43.99,0.09,Household,16-05-2023
Yardley Men English Blazer Body Spray 125 ml,6001567000285,42.99,0.12,Household,16-05-2023
Strepsils Honey and Lemon Throat Lozenges 24 Pcs,6001509500026,89.99,,Household,16-05-2023
Lifestyle Libresse Ultra Thin Normal Pads 2 x 10 pk,7322540830934,49.99,,Household,16-05-2023
Tresemmé­ Keratin Smooth Shampoo 750 ml,6001087354417,108.99,0.75,Household,16-05-2023
Head and Shoulders Anti-dandruff Shampoo 400 ml,5000174990164,114.99,0.4,Household,16-05-2023
"Smoothing Shampoo for Dry, Frizzy Hair 250 ml",6009211635234,89.99,0.25,Household,16-05-2023
Nivea Irresistibly Smooth Shea Butter Body Lotion 625 ml,6001051003167,104.99,0.62,Household,16-05-2023
Brut Original Roll On Deoderant 50 ml,60021199,26.99,0.05,Household,16-05-2023
Tresemmé Botanique Conditioner 750 ml,8710908180989,108.99,0.75,Household,16-05-2023
Colgate Optic White Alcohol Free Mouthwash 500 ml,7891024179482,93.99,0.5,Household,16-05-2023
Disprin Regular Strength 300 mg 24 Tabs,6001016400130,49.99,,Household,16-05-2023
Nivea Rich Nourishing Body Cream 400 ml,4005808780570,72.99,0.4,Household,16-05-2023
Lil-lets Smartfit Cushioned Unscented Pantyliners 40 pk,6009508403805,34.99,,Household,16-05-2023
Lifestyle Libresse Daily Fresh So Slim Pantyliners 32 pk,7322540818420,38.99,,Household,16-05-2023
Schick Quattro Titanium Smooth Disposable Razor 3 pk,4891228460235,81.99,,Household,16-05-2023
Hygiene Green Tea Fragranced Body Wash 500 ml,6009211634855,68.99,0.5,Household,16-05-2023
Nivea Men Active Clean Shower Gel 500 ml,4005900128492,74.99,0.5,Household,16-05-2023
Ocean Mineral Glycerine Soap Bar 100 g,6009189460852,32.99,0.1,Household,16-05-2023
Dove For Men Invisible Dry Anti-Perspirant Deodorant 150 ml,6001087359276,43.99,0.15,Household,16-05-2023
Colgate Zig Zag Toothbrushes 3 pk,6001067023777,94.99,,Household,16-05-2023
Lemon Verbena Foam Bath 1 L,6009211635074,89.99,1.0,Household,16-05-2023
Sanex Zero% 48h Deo Roll On 50 ml,8714789774206,31.99,0.05,Household,16-05-2023
Nivea Pure Invisible Roll On 50 ml,42299912,29.99,0.05,Household,16-05-2023
Rehidrat Sport Oral Electrolyte Mixture Naartjie 6 x 14 g,6003001019204,99.99,0.08,Household,16-05-2023
Sensodyne Sensitivity and Gum Whitening Toothpaste 75 ml,6001076002756,73.99,0.07,Household,16-05-2023
Oral-B Pro-Expert Professional Protection Toothpaste 75 ml,5013965948428,43.99,0.07,Household,16-05-2023
Revlon Love Her Madly Body Spray 90 ml,6001378037999,33.99,0.09,Household,16-05-2023
Dettol Antiseptic Liquid 500 ml,60050298,89.99,0.5,Household,16-05-2023
Nivea Men Black and White Fresh Invisible Roll On 50 ml,42332749,29.99,0.05,Household,16-05-2023
Cal-C-Vita 20 Tablets,6003787024034,159.99,,Household,16-05-2023
Nivea Visage Light Moisturising Day Cream 50 ml,4005808572199,89.99,0.05,Household,16-05-2023
Sanex Dermo Extra Control Roll On 50 ml,8714789762845,31.99,0.05,Household,16-05-2023
Head and Shoulders 2in1 Citrus Fresh Shampoo 400 ml,8001090911643,114.99,0.4,Household,16-05-2023
Lemongrass Oil Glycerine Soap Bar 100 g,6009189460869,32.99,0.1,Household,16-05-2023
Nivea Pearl and Beauty Roll On 50 ml,42299929,29.99,0.05,Household,16-05-2023
Mitchum Men Advanced Sport Invisible Roll On 50 ml,6001378048551,48.99,0.05,Household,16-05-2023
Always Normal Daily Liners 20 pk,8001090542717,22.99,,Household,16-05-2023
Head and Shoulders Anti-dandruff Shampoo 400 ml,5000174990201,114.99,0.4,Household,16-05-2023
Sensodyne Sensitivity and Gum Toothpaste 75 ml,6001076002770,73.99,0.07,Household,16-05-2023
Listerine Zero Mild Mint Mouthwash 500 ml,3574661045467,74.99,0.5,Household,16-05-2023
Nivea Energy Fresh Roll On 50 ml,42299936,29.99,0.05,Household,16-05-2023
Lenthéric Hoity Toity Body Spray 90 ml,6001567106765,33.99,0.09,Household,16-05-2023
Dove Eventone Skin Renew Antiperspirant Deodorant Roll-on 50 ml,60028006,29.99,0.05,Household,16-05-2023
Sanex Zero Sensitive Shower Gel 750 ml,8718951207783,99.99,0.75,Household,16-05-2023
Nivea Irresistibly Smooth Body Cream 400 ml,4005808780556,72.99,0.4,Household,16-05-2023
OralfreshPro 6-In-1 Alcohol-Free Mouthwash 500 ml,6009182952477,64.99,0.5,Household,16-05-2023
Nivea For Men Body Lotion Maximum Hydration 400 ml,4005808661930,79.99,0.4,Household,16-05-2023
Lil-lets Smartfit Cushioned Scented Pantyliners 40 pk,6009508403829,34.99,,Household,16-05-2023
Radiance and Glow Sheet Face Mask 1 Pc,6009214555522,54.99,,Household,16-05-2023
Nivea For Men Dry Impact Plus Roll On 50 ml,42299783,29.99,0.05,Household,16-05-2023
Marc Anthony Coconut Oil and Shea Butter Shampoo 250 ml,621732531039,169.99,0.25,Household,16-05-2023
Nivea Invisible For Black and White Original Body Spray 200 ml,6001051000166,52.99,0.2,Household,16-05-2023
Cotton Puffs 50 g,6009214463605,23.99,0.05,Household,16-05-2023
Nivea Men Silver Protect Dynamic Power Body Spray 50 ml,4005808334773,45.99,0.05,Household,16-05-2023
Embody Strawberry Lip Balm,6009101144587,29.99,,Household,16-05-2023
Nivea Pearl and Beauty Body Spray 200 ml,6001051000197,52.99,0.2,Household,16-05-2023
Deodorant Wipes 10 Pcs,6009211638280,19.99,,Household,16-05-2023
Labello Original Lip Balm 4.8 g,6001051001415,34.99,0.01,Household,16-05-2023
Always Ultra Fresh Normal Pads 2 x 8 pk,4015400175483,51.99,,Household,16-05-2023
Nivea Invisible for Black and White Roll On 50 ml,42299882,29.99,0.05,Household,16-05-2023
Strengthening Conditioner for Damaged Hair 250 ml,6009211635128,89.99,0.25,Household,16-05-2023
Head and Shoulders Apple Fresh Anti-Dandruff Shampoo 400 ml,5410076659609,114.99,0.4,Household,16-05-2023
Basil and Lime 5-in-1 Men's Shower Gel 400 ml,6009214631639,69.99,0.4,Household,16-05-2023
Nivea For Men Originals Moisturising Shaving Gel 200 ml,5025970023250,94.99,0.2,Household,16-05-2023
Nivea Soft Moisturising Cream 75 ml,4005808890576,32.99,0.07,Household,16-05-2023
Coastal Mist Foam Bath 1 L,6009211634978,89.99,1.0,Household,16-05-2023
Yardley English Blazer Black Body Spray 125 ml,6001567122475,42.99,0.12,Household,16-05-2023
Marc Anthony Coconut Oil and Shea Butter Conditioner 250 ml,621732531046,169.99,0.25,Household,16-05-2023
Nivea For Men Cool Kick Roll On 50 ml,42299837,29.99,0.05,Household,16-05-2023
Detoxifying Clay Mask 50 ml,6009214555577,59.99,0.05,Household,16-05-2023
Oral-B Pro-Expert Healthy Whitening Toothpaste 75 ml,5013965951732,43.99,0.07,Household,16-05-2023
Nivea Pearl and Beauty Body Spray 150 ml,4005808837311,45.99,0.15,Household,16-05-2023
Eucalyptus & Mint Foot Cream 100 ml,6009214550794,59.99,0.1,Household,16-05-2023
Lifestyle Libresse Daily Fresh Pantyliners 20 pk,7322540817744,19.99,,Household,16-05-2023
Lux Soft Touch Beauty Soap 175 g,6001087361293,16.99,0.17,Household,16-05-2023
Embody Clean + Protect Lemon Hygiene Soap Bar 175 g,6009195468156,18.99,0.17,Household,16-05-2023
Brut Alaska Deodorant Body Spray 120 ml,6001087008099,39.99,0.12,Household,16-05-2023
Almond Milk and Vanilla Nail Polish Remover 100 ml,6009211638532,32.99,0.1,Household,16-05-2023
Karvol Decongestant Inhalation Capsules 10 pk,6002413006239,89.99,,Household,16-05-2023
Avocado and Aloe Glycerine Soap 100 g,6009214663289,49.99,0.1,Household,16-05-2023
Vaseline Blue Seal Gentle Protective Jelly 250 ml,6001087005647,49.99,0.25,Household,16-05-2023
Lemon Verbena Shower Cream 250 ml,6009211634831,49.99,0.25,Household,16-05-2023
Exfoliating Charcoal and Black Sugar Gel Mask 50 ml,6009214555546,59.99,0.05,Household,16-05-2023
Dettol Aloe Vera Disinfectant Liquid 750 ml,6001106224981,99.99,0.75,Household,16-05-2023
Moisturising Lavender Fragranced Soap Bar 175 g,6009195468132,18.99,0.17,Household,16-05-2023
Mint Breath Freshener Spray 20 ml,6009211674790,19.99,0.02,Household,16-05-2023
Gaviscon Peppermint Tablets 24 pk,6001106123987,94.99,,Household,16-05-2023
Hydrating and Restore Sheet Face Mask 1 Pc,6009214555539,49.99,,Household,16-05-2023
L'Oréal Elvive Extraordinary Oil Conditioner 400 ml,3600522713418,89.99,0.4,Household,16-05-2023
Yardley White Satin Body Spray 90 ml,6001567036055,43.99,0.09,Household,16-05-2023
Berocca Boost with Guarana Effervescent Tablets 20 pk,6009813610899,209.99,,Household,16-05-2023
Nourishing Cucumber Peel Off Gel Mask 50 ml,6009214555324,79.99,0.05,Household,16-05-2023
Nivea For Men Silver Protect Roll On 50 ml,42299851,29.99,0.05,Household,16-05-2023
Orange and Ginger Extracts Glycerine Soap Bar 100 g,6009189460876,32.99,0.1,Household,16-05-2023
Nivea Firming Body Moisturiser Lotion 400 ml,4005808656578,141.99,0.4,Household,16-05-2023
Almond Milk and Vanilla Body Lotion 400 ml,6009211634909,64.99,0.4,Household,16-05-2023
Kotex Young Normal with Wings Ultra Thin Pads 10 pk,5029053535753,27.99,,Household,16-05-2023
Oral B Expert Soft Oral B Expert Toothbrush,3014260777623,93.99,,Household,16-05-2023
Disprin Extra Strength 48 Tabs,6001016400253,119.99,,Household,16-05-2023
Tresemmé Keratin Smooth Conditioner 750 ml,6001087354424,108.99,0.75,Household,16-05-2023
Nivea Men Sensitive Cooling Shaving Gel 200 ml,4005808943630,94.99,0.2,Household,16-05-2023
Oral-B Head Precision Clean Toothbrush Head 2 pk,4210201746324,234.99,,Household,16-05-2023
Nivea For Men Invisible Body Spray 150 ml,4005900036483,45.99,0.15,Household,16-05-2023
L'Oréal Elvive Nutri-Gloss Illuminating Shampoo 400 ml,3600522386339,89.99,0.4,Household,16-05-2023
Balancing Conditioner for Normal Hair 250 ml,6009211635098,89.99,0.25,Household,16-05-2023
Nivea for Men Dry Fresh Roll On 50 ml,42354970,29.99,0.05,Household,16-05-2023
Shea Butter and Jojoba Glycerine Soap 100 g,6009214663296,49.99,0.1,Household,16-05-2023
Johnson's Daily Essentials Clear Skin Cleansing Facial Wipes 25 pcs,3574660583380,54.99,,Household,16-05-2023
Balancing Conditioner for Normal Hair 50 ml,6009211637504,34.99,0.05,Household,16-05-2023
Dove Eventone Sensitive Skin Body Spray 150 ml,6001087376556,43.99,0.15,Household,16-05-2023
Pantene Pro-V Full & Thick Shampoo 400 ml,5000174666144,93.99,0.4,Household,16-05-2023
Dove For Men Extra Fresh Body Spray 150 ml,6001087010481,43.99,0.15,Household,16-05-2023
Lemon Verbena Body Wash 50 ml,6009211638372,29.99,0.05,Household,16-05-2023
Nivea Invisible Clear Body Spray 150 ml,4005900036568,45.99,0.15,Household,16-05-2023
Mitchum Women Shower Fresh Roll On 76 g,309979550753,94.99,0.08,Household,16-05-2023
Cucumber Moisturiser 50 ml,6009211638570,34.99,0.05,Household,16-05-2023
Men Active Hydration Face Moisturiser 50 ml,6009214550893,89.99,0.05,Household,16-05-2023
Strengthening Shampoo for Damaged Hair 250 ml,6009211635142,89.99,0.25,Household,16-05-2023
Listerine Total Care Sensitive Clean Mint Mouthwash 95 ml,6003001021504,9.5,0.1,Household,16-05-2023
Gaviscon Peppermint Double Action Liquid Sachets 12 x 10 ml,6001106125202,109.99,0.12,Household,16-05-2023
Hygiene Aloe and Green Tea Fragranced Soap Bar 175 g,6009195468170,18.99,0.17,Household,16-05-2023
Colgate Slim Soft Charcoal Toothbrush,6001067010784,69.99,,Household,16-05-2023
AXE Gold Deodorant Spray 150 ml,6001087375115,39.99,0.15,Household,16-05-2023
Revlon Fire and Ice Cool Body Spray  90 ml,6001378001402,33.99,0.09,Household,16-05-2023
Marc Anthony Argan Oil Of Morocco Shampoo 250 ml,621732300017,169.99,0.25,Household,16-05-2023
Travel First Aid Kit 36 Pcs,6007645008105,174.99,,Household,16-05-2023
Neutrogena Pink Grapefruit Facial Wash 200 ml,3574660569759,144.99,0.2,Household,16-05-2023
Johnson's Daily Essentials Moisturising Cleansing Wipes 25 pcs,3574660583366,54.99,,Household,16-05-2023
Marc Anthony Argan Oil of Morocco Nourishing Conditioner 250 ml,621732300024,169.99,0.25,Household,16-05-2023
Mitchum Men Advanced Sport Stick Roll On 76 g,309971103841,94.99,0.08,Household,16-05-2023
Sanex Dermo Pro Hydrate Roll On 50 ml,8714789829623,31.99,0.05,Household,16-05-2023
Centrum Active Multivitamin Supplement 30 Tabs,6001605004534,189.99,,Household,16-05-2023
Nivea Cherry Blossom and Jojoba Oil in Lotion 400 ml,6001051002030,72.99,0.4,Household,16-05-2023
Nivea Invisible Black and White Fresh Roll On 50 ml,42299875,29.99,0.05,Household,16-05-2023
Nivea Vanilla and Almond Oil Body Lotion 400 ml,6001051002023,72.99,0.4,Household,16-05-2023
Revlon Fire and Ice Classic Body Spray 90 ml,6001378001327,33.99,0.09,Household,16-05-2023
Nivea Men Active Clean Shower Gel 250 ml,6001051000692,44.99,0.25,Household,16-05-2023
Dove Eventone Sensitive Skin Antiperspirant Deodorant Roll-on 50 ml,60027993,29.99,0.05,Household,16-05-2023
Men Anti Dandruff 2-in-1 Sulphate Free Shampoo and Conditioner 250 ml,6009214688602,74.99,0.25,Household,16-05-2023
Always Fresh Scent Normal Daily Panty Liners 20 pk,8001090542403,22.99,,Household,16-05-2023
Nivea Refreshing Facial Wash Gel 150 ml,4005808668861,86.99,0.15,Household,16-05-2023
Dove Intensive Repair Conditioner 350 ml,8712561571333,84.99,0.35,Household,16-05-2023
Med-Lemon for Colds and Flu 18 pk,6001076526009,125.99,,Household,16-05-2023
"Garnier Pure Active 3-In-1 Wash, Scrub and Mask 150 ml",3600540676580,135.99,0.15,Household,16-05-2023
Colgate 360 Whole Mouth Clean Medium Toothbrushes 2 pk,8714789213033,113.99,,Household,16-05-2023
Nivea Men Silver Protect Dynamic Power Body Spray 200 ml,6001051000180,52.99,0.2,Household,16-05-2023
Nivea for Men Deep Clean Shower Gel 500 ml,6001051003075,74.99,0.5,Household,16-05-2023
L'Oréal Elvive Nutri-Gloss Conditioner 400 ml,3600522386605,89.99,0.4,Household,16-05-2023
Nivea For Men Protect and Care Shower Gel 500 ml,4005900368539,74.99,0.5,Household,16-05-2023
Shea Butter and Honey Body Lotion 400 ml,6009211637412,64.99,0.4,Household,16-05-2023
Oral B Gum and Enamel Repair Toothpaste 75 ml,8001090364203,59.99,0.07,Household,16-05-2023
Oral B Extra Fresh Gum and Enamel Repair Toothpaste 75 ml,8001090364159,59.99,0.07,Household,16-05-2023
Slow Mag Effervescent Tablest 20 pk,6006418001077,199.99,,Household,16-05-2023
Water Mint and Sage Foam Bath 1 L,6009211662087,89.99,1.0,Household,16-05-2023
Pantene Full and Thick Conditioner 400 ml,5000174666250,93.99,0.4,Household,16-05-2023
Nivea for Men Deep Comfort After Shave Splash 100 ml,6001051002849,134.99,0.1,Household,16-05-2023
Mitchum Power Gel Mountain Air Roll On 63 g,309973202009,79.99,0.06,Household,16-05-2023
Nivea For Men Oil Control Face Wash 100 ml,4005808636518,89.99,0.1,Household,16-05-2023
Schick Hydro 5 Blade Cartridge Refills 4 pk,4891228302962,289.99,,Household,16-05-2023
Waterless Hand Cleanser 50 ml,6008000867412,24.99,0.05,Household,16-05-2023
Lil-lets Super Ultra Thin Long Length Pads 8 pk,6009508405458,25.99,,Household,16-05-2023
Nivea Dry Confidence Plus Stick Roll On 40 ml,42237266,69.99,0.04,Household,16-05-2023
Sea Salt and Wood Sage Scented Body Lotion 400 ml,6009214555416,39.99,0.4,Household,16-05-2023
Nivea For Men Deep Anti-Perspirant Roll On 50 ml,42354963,29.99,0.05,Household,16-05-2023
Nivea For Men Max Hydration Body Cream 400 ml,4005808685837,79.99,0.4,Household,16-05-2023
Nivea Fresh Natural Roll On 50 ml,42299905,29.99,0.05,Household,16-05-2023
L'Oréal Elvive Extraordinary Oil Shampoo 400 ml,3600522713203,89.99,0.4,Household,16-05-2023
Nivea Invisible Fresh Mist Anti-Perspirant Body Spray 150 ml,6001051001934,45.99,0.15,Household,16-05-2023
Mitchum Men Invisible Solid Intense Energy 76 g,309979550777,94.99,0.08,Household,16-05-2023
Nivea Men Invisible Fresh Body Spray 150 ml,4005900372451,45.99,0.15,Household,16-05-2023
Neutrogena Pink Grapefruit Daily Scrub 150 ml,3574660571462,144.99,0.15,Household,16-05-2023
Elastoplast Elastic Fabric Roll Plaster 2.5 cm x 3 m,60018793,65.99,,Household,16-05-2023
Dove Daily Moisture Shampoo 400 ml,8712561384841,84.99,0.4,Household,16-05-2023
L'O'réal Elnett Satin Hairspray 200 ml,5011408002270,139.99,0.2,Household,16-05-2023
Tampax Super With Applicator 12 pk,4015400829966,41.99,,Household,16-05-2023
AXE Wild Spice Antiperspirant Roll-On 50 ml,60098818,24.99,0.05,Household,16-05-2023
Nivea Visage Moisturise Day Cream 50 ml,4005808570638,89.99,0.05,Household,16-05-2023
Lux Scarlet Blossom Beauty Soap 175 g,6001087361354,16.99,0.17,Household,16-05-2023
Slow Mag 60 Capsules,6006418002180,289.99,,Household,16-05-2023
Cuticle Oil 1.8 ml,6009211647176,36.99,0.01,Household,16-05-2023
Probiflora™ Adult Intensive Rescue 30 Capsules,6009661511430,189.99,,Household,16-05-2023
Mark Anthony Bye.Bye.Frizz Keratin Smoothing Shampoo 250 ml,621732010534,169.99,0.25,Household,16-05-2023
Brightening Peel Off Clay Mask 50 ml,6009214555409,89.99,0.05,Household,16-05-2023
AXE Black Antiperspirant Roll-On 50 ml,60025081,24.99,0.05,Household,16-05-2023
E45 Dermatological Cream 500 g,6001509812228,269.99,0.5,Household,16-05-2023
E45 Dermatological Cream 125 g,6001509812235,129.99,0.12,Household,16-05-2023
L'O'réal Elnett Satin Hairspray 200 ml,5011408002287,139.99,0.2,Household,16-05-2023
Dove Men+Care Invisible Dry Antiperspirant Deodorant Roll-On 50 ml,60024664,29.99,0.05,Household,16-05-2023
"Cucumber, Lemon and Orange Men's Face Wash 150 ml",6009214550831,79.99,0.15,Household,16-05-2023
Lifestyle Libresse Daily Fresh Long Pantyliners 28 pk,7322540816235,36.99,,Household,16-05-2023
Dove Intensive Repair Shampoo 400 ml,8712561488280,84.99,0.4,Household,16-05-2023
Gillette Venus Comfortglide with Olay Coconut Razor Blade Cartridges 4 pk,7702018267637,469.99,,Household,16-05-2023
Pantene Pro-V Classic Care Shampoo 400 ml,5000174499940,93.99,0.4,Household,16-05-2023
Nivea for Men Deep Clean Face Wash 100 ml,6001051002818,89.99,0.1,Household,16-05-2023
Kids Melon Scented Alcohol Free Face and Hand Wipes 10 pcs,6009211638389,19.99,,Household,16-05-2023
Embody Original Lip Balm,6009101144549,29.99,,Household,16-05-2023
Nivea For Men Revitalising Body Lotion 400 ml,4005808776269,79.99,0.4,Household,16-05-2023
Yardley Gorgeous Body Spray 90 ml,6001567108059,43.99,0.09,Household,16-05-2023
Almond Milk and Vanilla Sugar Hand Scrub 75 ml,6009211638471,39.99,0.07,Household,16-05-2023
Nivea Invisible Pure Body Spray 150 ml,4005900037909,45.99,0.15,Household,16-05-2023
Nivea For Men Originals Deep Cleaning Face Wash 100 ml,4005808227778,89.99,0.1,Household,16-05-2023
Burnshield Sterile Trauma Hydrogel Spray 75 ml,6007645004305,104.99,0.07,Household,16-05-2023
Voltaren Emulgel 20 g,6001076002237,62.99,0.02,Household,16-05-2023
Rooibos and Baobab Glycerine Soap 100 g,6009214663272,49.99,0.1,Household,16-05-2023
Coty Exclamation Body Spray 90 ml,6009500603920,39.99,0.09,Household,16-05-2023
Tampax Super Plus With Applicator 12 pk,4015400829324,39.99,,Household,16-05-2023
Schick Hydro Silk Blade Cartridge Refills 4 pk,6937266703472,227.99,,Household,16-05-2023
Schick Intuition Blade Cartridge Refills 3 pk,6937266700785,189.99,,Household,16-05-2023
Family First Aid Kit 68 Pcs,6007645008082,359.99,,Household,16-05-2023
Sugar Free Strawberry Flavoured Stepsils Throat Lozenges 16 Pcs,6001106123185,89.99,,Household,16-05-2023
Nivea For Men Cool Kick Body Lotion 400 ml,6001051000821,79.99,0.4,Household,16-05-2023
Yardley English Blazer Premium Body Spray 125 ml,6001567190733,42.99,0.12,Household,16-05-2023
Gillette Fusion Proglide Power Razor Blades 4 pk,7702018085576,479.99,,Household,16-05-2023
Karvol Decongestant Chest Rub 50 g,6002413011356,59.99,0.05,Household,16-05-2023
Nivea For Men Fresh Active Roll On 50 ml,42299820,29.99,0.05,Household,16-05-2023
Cantu Leave-In Conditioning Repair Cream 453 g,856017000126,149.99,0.45,Household,16-05-2023
Nivea For Men Dry Impact Plus Body Spray 150 ml,4005808293490,45.99,0.15,Household,16-05-2023
Rehidrat Orange Electrolytic Mixture 6 pk,6001137101565,99.99,,Household,16-05-2023
Mitchum For Men Ice Fresh Gel Roll On 63 g,309973105126,86.99,0.06,Household,16-05-2023
Mitchum Advanced Pure Fresh Roll On 76 g,309971103322,96.99,0.08,Household,16-05-2023
Blistex DCT Lip Protectant/Sunscreen 7 g,41388260013,119.99,0.01,Household,16-05-2023
Marc Anthony Strengthening Grow Long Shampoo 250 ml,621732600223,169.99,0.25,Household,16-05-2023
Strepsils Orange Throat Lozenges 24 Pcs,6001509500033,89.99,,Household,16-05-2023
Gillette Venus Deluxe Smoooth Swirl Razor Cartridges 4 pk,7702018401147,499.99,,Household,16-05-2023
Colgate 360? Optic White Power Toothbrush,6001067000037,114.99,,Household,16-05-2023
Schick Hydro Silk Razor with Cartridges 4 pk,6937266703458,176.99,,Household,16-05-2023
Dove Men+Care Extra Fresh Antiperspirant Deodorant Roll-On 50 ml,60021908,29.99,0.05,Household,16-05-2023
E45 Moisturising Lotion 500 ml,5000167022667,169.99,0.5,Household,16-05-2023
Dove Men+Care Clean Comfort Antiperspirant Deodorant Roll-On 50ml,60021915,29.99,,Household,16-05-2023
Panado Paediatric Peppermint Syrup 100 ml,6001319808305,64.99,0.1,Household,16-05-2023
Nivea Double Effect Violet Senses Roll On 50 ml,42299943,29.99,0.05,Household,16-05-2023
Neutrogena Hydro Boost Water Gel Cleanser 200 ml,3574661288345,149.99,0.2,Household,16-05-2023
Gillette Mach3 Turbo Razor Blade Cartridges 4 pk,7702018320028,339.99,,Household,16-05-2023
Schick Xtreme 3 Ultimate Disposable Razors 4 pk,4891228302023,75.99,,Household,16-05-2023
Deep Heat Rub Cream 35g,6001546011127,49.99,,Household,16-05-2023
Marc Anthony Strengthening Grow Long Conditioner 250 ml,621732600230,169.99,0.25,Household,16-05-2023
Men Mattifying Face Moisturiser Gel 50 ml,6009214550855,49.99,0.05,Household,16-05-2023
Oral B Pro White Heads 2 pk,4210201757757,239.99,,Household,16-05-2023
Mark Anthony Bye.Bye.Frizz Keratin Smoothing Conditioner 250 ml,621732010541,169.99,0.25,Household,16-05-2023
Cucumber Hand Cleanser Spray 50 ml,6009211647121,26.99,0.05,Household,16-05-2023
Elastoplast Wound Healing Ointment 20 g,4005800206092,47.99,0.02,Household,16-05-2023
Schick Silk Effects+ Razor and Cartridges 3 pk,4891228480011,81.99,,Household,16-05-2023
Nivea For Men Originals Exfoliating Face Scrub 75 ml,4005808228874,89.99,0.07,Household,16-05-2023
Gillette Fusion5 PROGLIDE Power Razor,7702018390595,229.99,,Household,16-05-2023
Nivea For Men Sensitive Face Wash 100 ml,4005808224845,89.99,0.1,Household,16-05-2023
Mitchum Oxygen Unscented Gel Roll On 63 g,309973155008,86.99,0.06,Household,16-05-2023
Nivea For Men Sensitive Post Shave Balm100 ml,5025970023281,134.99,0.1,Household,16-05-2023
Labello Cherry Shine Lip Balm 4.8 g,6001051000258,34.99,0.01,Household,16-05-2023
Colgate Slim Soft Advanced Ultra Soft Toothbrushes 2 pk,8693495052337,99.99,,Household,16-05-2023
OralFreshPro Charcoal Sensitive Toothbrush,6009207611969,59.99,,Household,16-05-2023
Nivea Men Active Energy Face Wash Gel 100 ml,6001051001743,89.99,0.1,Household,16-05-2023
Tea Tree and Lavender Glycerine Soap 100 g,6009214663302,49.99,0.1,Household,16-05-2023
Mitchum Power Gel Sport Roll On 63 g,309973162006,86.99,0.06,Household,16-05-2023
Gaviscon Plus Peppermint Tablets 12 pk,96073773,74.99,,Household,16-05-2023
Nivea For Men Pure Impact Shower Gel 250 ml,4005808765560,44.99,0.25,Household,16-05-2023
Lifestyle Libresse Daily Fresh Multistyle Pantyliners 30 pk,7322540818369,36.99,,Household,16-05-2023
Gillette Venus Breeze Razor with Cartridges 3 pk,7702018886272,219.99,,Household,16-05-2023
Nivea Invisible Fresh Mist Anti-Perspirant Roll On 50 ml,42332725,29.99,0.05,Household,16-05-2023
Men Daily Strengthening Sulphate Free Shampoo 250 ml,6009214688626,74.99,0.25,Household,16-05-2023
Rehidrat Blackcurrant Electrolytic Mixture 6 pk,6001137101312,99.99,,Household,16-05-2023
Nivea Men Moisturising Creme 150 ml,6001051002061,84.99,0.15,Household,16-05-2023
Deep Freeze Cold Spray 150 ml,6001516002117,89.99,0.15,Household,16-05-2023
Embody Sun With SPF 25 Lip Balm,6009101144563,29.99,25.0,Household,16-05-2023
Viral Guard™ Fizzi Chews 60 Chewables,6009661510907,153.99,,Household,16-05-2023
Always Ultra Value Pack Normal 2 x 9 pk,4015400041627,52.99,,Household,16-05-2023
AXE Dark Temptation Antiperspirant Roll On 50 ml,60016638,24.99,0.05,Household,16-05-2023
Nivea Pearl and Beauty Stick Roll On 40 ml,42219415,69.99,0.04,Household,16-05-2023
Lime and Pomegranate Face Polish 100 ml,6009214555515,69.99,0.1,Household,16-05-2023
Neutrogena Visibly Clear Daily Wash 200 ml,3574661333564,144.99,0.2,Household,16-05-2023
Nivea Shine Control Facial Wash Gel 150 ml,4005808669790,86.99,0.15,Household,16-05-2023
Nivea For Men Revitalising Body Cream 400 ml,4005808685844,79.99,0.4,Household,16-05-2023
Neutrogena Visibly Clear 2-in1 Wash-Mask 150 ml,3574661332543,144.99,0.15,Household,16-05-2023
Med-Lemon Menthol 18 pk,6001076001353,125.99,,Household,16-05-2023
Oral-B Stages Kids Star Wars Replacement Brush Heads 2 pk,4210201161196,294.99,,Household,16-05-2023
Foaming Gel Mask with Charcoal Powder 50 ml,6009214558271,79.99,0.05,Household,16-05-2023
Men's Post Shave Balm 100 ml,6009214550862,49.99,0.1,Household,16-05-2023
Centrum Multivitamin 30 Tablets,6001605005258,149.99,,Household,16-05-2023
Sanex Men Dermo Sensitive Roll On 50 ml,8718951093881,31.99,0.05,Household,16-05-2023
L'O'réal Studio Line Indestructible Extreme Hold Gel 150 ml,3600520921068,129.99,0.15,Household,16-05-2023
Lemon Verbena Body Lotion 400 ml,6009211634985,64.99,0.4,Household,16-05-2023
Listerine Total Care Mouthwash 95 ml,6003001021481,4.75,0.1,Household,16-05-2023
E45 Moisturising Lotion 200 ml,5000167011593,109.99,0.2,Household,16-05-2023
Hand Foam Cleanser 50 ml,6009211638488,22.99,0.05,Household,16-05-2023
Mint Mouthwash 500 ml,6009178891308,64.99,0.5,Household,16-05-2023
Wooliesbabes-Baby-Toothbrush-0-2-Years,6009101806515,24.99,,Household,16-05-2023
Lemon Verbena Body Lotion 50 ml,6009211638303,29.99,0.05,Household,16-05-2023
Nivea Men Deep Clean Shaving Gel 200 ml,4005900516350,94.99,0.2,Household,16-05-2023
Nivea For Men Cool Kick Body Cream 400 ml,6001051000753,79.99,0.4,Household,16-05-2023
Cantu Coconut Curling Cream 340 g,817513010033,219.99,0.34,Household,16-05-2023
Face Polish with Cucumber Extract 100 ml,6009214555508,79.99,0.1,Household,16-05-2023
Nivea For Men Silver Protect Shaving Gel 200 ml,6009661219688,94.99,0.2,Household,16-05-2023
Mitchum Men Clean Control Gel Roll On 63 g,309973105133,86.99,0.06,Household,16-05-2023
Schick Hydro 5 Razor with Cartridge 2 pk,4891228302924,151.99,,Household,16-05-2023
Strepsils Coolmint Throat Lozenges 16 Pcs,5000158101999,89.99,,Household,16-05-2023
Men Charcoal Face Scrub 100 ml,6009214545929,49.99,0.1,Household,16-05-2023
Cantu Grow Strong Strengthening Treatment 173 g,856017000041,149.99,0.17,Household,16-05-2023
Almond Milk and Vanilla Hand Wash 500 ml,6009214637693,69.99,0.5,Household,16-05-2023
Dove Daily Moisture Conditioner 350 ml,8712561571388,84.99,0.35,Household,16-05-2023
Gillette Venus Snap Razor and Cartridge with Case,7702018364510,219.99,,Household,16-05-2023
Gillette Venus Comfortglide with Olay Coconut Razor and Blades 3 pk,7702018088577,389.99,,Household,16-05-2023
Schick Quattro For WOMEN Razor,4891228480110,145.99,,Household,16-05-2023
Probiflora™ Adult Classic Bowel Support 30 Capsules,6009661511478,169.99,,Household,16-05-2023
Nivea Q10 Plus Anti-Wrinkle Night Cream 50 ml,4005808185221,209.99,0.05,Household,16-05-2023
L'Oréal  Studio Out of Bed Fibre CreamGel 150 ml,5011408053814,129.99,0.15,Household,16-05-2023
Gillette Fusion ProGlide Styler,7702018273386,399.99,,Household,16-05-2023
Blistex Lip Medex Lip Protectant 7 g,41388001715,119.99,0.01,Household,16-05-2023
Shea Butter and Honey Hand Wash 500 ml,6009214637709,69.99,0.5,Household,16-05-2023
Colgate 360 Optic White Toothbrush,6001067017332,88.99,,Household,16-05-2023
Neutrogena Visibly Clear Pore/Shine Daily Scrub 150 ml,3574661034195,144.99,0.15,Household,16-05-2023
Benylin Wet Cough Mucus Relief Syrup 100 ml,6003001017712,69.99,0.1,Household,16-05-2023
Cantu Hydrating Cream Conditioner 400 ml,817513015328,185.99,0.4,Household,16-05-2023
Cantu Moisturizing Curl Activator Cream 355 ml,817513010002,219.99,0.35,Household,16-05-2023
Schick Hydro Silk Trimstyle Razor and Bikini Trimmer,4891228302009,278.99,,Household,16-05-2023
Eno Peppermint Flavoured Chewable Tablets 24 pk,6001076001995,39.99,,Household,16-05-2023
Compral Pain Powders 38 pk,6009695584417,69.99,,Household,16-05-2023
Gillette Fusion Proglide Razor Blades 4 pk,7702018085514,429.99,,Household,16-05-2023
Gillette Venus Swirl with Flexiball Razor,7702018400935,379.99,,Household,16-05-2023
Cantu Cleansing Cream Shampoo 400 ml,817513015311,185.99,0.4,Household,16-05-2023
Oral-B Stages Kids Star Wars Rechargeable Toothbrush 3+,4210201181101,599.99,,Household,16-05-2023
Oral-B Stages Kids Frozen Replacement Brush Heads 2 pk,4210201154730,294.99,,Household,16-05-2023
Gillette Venus Deluxe Smooth Sensitive Razor and Cartridges 3 pk,7702018497263,329.99,,Household,16-05-2023
Schick Quattro Titanium Freestyle Razor and Trimmer 3 pk,4891228460280,202.99,,Household,16-05-2023
Gillette Fusion Razor with Blades,7702018866946,244.99,,Household,16-05-2023
Benylin Wet Cough Mucus Relief Menthol Flavour Syrup 200 ml,6003001031190,109.99,0.2,Household,16-05-2023
Gillette Mach3 Start Handle and 3 Razor Blades,7702018464029,149.99,,Household,16-05-2023
Nivea Men Deep Impact Body Cream for Normal Skin 400 ml,6001051004171,79.99,0.4,Household,16-05-2023
Oral-B Stages Kids Frozen Rechargeable Toothbrush 3+,4210201154709,599.99,,Household,16-05-2023
Nivea For Men Fresh Musk Roll On 50 ml,42269656,29.99,0.05,Household,16-05-2023
Neutrogena Visibly Clear Smoothing Scrub 150 ml,3574661332505,144.99,0.15,Household,16-05-2023
Men Daily Strengthening Sulphate Free Conditioner 250 ml,6009214688619,49.99,0.25,Household,16-05-2023
Nivea Men Deep Matte Finish Moisturiser 50 ml,5025970007533,159.99,0.05,Household,16-05-2023
Benylin Children's Wet Cough Mucus Relief Syrup 200 ml,6003001031152,109.99,0.2,Household,16-05-2023
Nivea Visage Q10 Plus Anti- Wrinkle Day Cream 50 ml,4005808179503,209.99,0.05,Household,16-05-2023
Gillette Venus Sensitive Extra Smooth Razor Cartridges 4 pk,7702018497386,379.99,,Household,16-05-2023
Schick Hydro 3 Blade Cartridge Refills 4 pk,4891228303006,202.99,,Household,16-05-2023
Schick Quattro Titanium 4 Blade Razor with Shower Hanger 3 pk,6937266702802,119.99,,Household,16-05-2023
Gillette Fusion5 Blade Replacement Cartridges 4 pk,7702018874460,369.99,,Household,16-05-2023
Deep Heat Spray 150 ml,6001546017150,111.99,0.15,Household,16-05-2023
Schick Quattro Blade Cartridge Refills 4 pk,9312931607656,164.99,,Household,16-05-2023
Schick Hydro 5 Sensitive Blade Cartridge Refills 4 pk,4891228302993,309.99,,Household,16-05-2023
Schick Hydro 5 Sensitive Razor wirh Blade Cartridge 2 pk,4891228302931,159.99,,Household,16-05-2023
Gillette Skinguard Sensitive Shaving Gel 200 ml,7702018509409,104.99,0.2,Household,16-05-2023
Benylin Children's Wet Cough Mucus Relief Syrup 100 ml,6003001017798,69.99,0.1,Household,16-05-2023
Benylin Wet Cough Mucus Relief Syrup 200 ml,6003001031114,109.99,0.2,Household,16-05-2023
Dettol Fresh Hygiene Soap 175 g,6001106123956,17.99,0.17,Household,16-05-2023
Dettol Active Hygiene Soap 175 g,6001106123895,17.99,0.17,Household,16-05-2023
Embody Medicated Lip Balm,6009101144556,29.99,,Household,16-05-2023
Dettol Skincare Hygiene Soap 175 g,6001106123857,17.99,0.17,Household,16-05-2023
Strepsils Original Throat Lozenges 24 Pcs,6001509500019,89.99,,Household,16-05-2023
Moisturising Chamomile Fragranced Soap Bar 100 g,6009178163726,17.99,0.1,Household,16-05-2023
Dettol Cool Hygiene Soap 175 g,6001106123840,17.99,0.17,Household,16-05-2023
Nivea Moisturising SPF50 Sun Screen Lotion 200 ml,4005808430208,209.99,0.2,Household,16-05-2023
L'Oréal Elvive Total Repair Shampoo 400 ml,3600522386483,89.99,0.4,Household,16-05-2023
Dettol Even Tone Original Hygiene Soap 175 g,6001106128425,17.99,0.17,Household,16-05-2023
L'Oréal Elvive Total Repair Restoring Conditioner 400 ml,3600522355465,89.99,0.4,Household,16-05-2023
Dettol Sensitive Hygiene Soap 175 g,6001106123871,17.99,0.17,Household,16-05-2023
Schick Quattro Titanium Freestyle Razor Blades 6 pk,6937266700822,278.99,,Household,16-05-2023
Cantu Tea Tree and Jojoba Hair and Scalp Oil 180 ml,856017000089,176.99,0.18,Household,16-05-2023
Dove gofresh Revive Beauty Cream Bar 4 x 90 g,8720181219962,57.99,0.36,Household,16-05-2023
Night Cream for Normal and Combination Skin 50 ml,6009217044054,99.99,0.05,Household,16-05-2023
OralFreshPro Multi Action Soft Toothbrush,6009223584438,59.99,,Household,16-05-2023
Berocca Boost with Guarana Effervescent Tablets 10 pk,6009813610868,109.99,,Household,16-05-2023
Eucalyptus and Mint Foot Mask 2 Pcs,6009214550756,59.99,,Household,16-05-2023
Colgate Naturals with Charcoal and Whitening Toothpaste 75 ml,6920354828249,73.99,0.07,Household,16-05-2023
Nivea Men Boost Shower Gel 500 ml,4005900830784,74.99,0.5,Household,16-05-2023
Paper Stem Buds Refill 100 Pcs,6009214614267,17.99,,Household,16-05-2023
Dove Gentle Exfoliating Beauty Cream Bar 90 g,8720181219443,16.99,0.09,Household,16-05-2023
Kids Fragrance Free Aqueous Cream with Shea Butter 250 g,6009223962229,58.99,0.25,Household,16-05-2023
Cinnamon and Oatmeal Cleansing Bar 150 g,6009214662961,36.99,0.15,Household,16-05-2023
Kids Raspberry and Sweet Mint Hand Cleanser 200 ml,6009223663805,49.99,0.2,Household,16-05-2023
Wooliesbabes Aloe Vera and Vitamin E Fragranced Baby Wipes 64 pk,6009214801179,39.99,,Household,16-05-2023
Vicks VapoLozenges Orange Menthol Flavoured Lozenges 24 Pcs,8001841949956,82.99,,Household,16-05-2023
Sensodyne Pronamel Gentle Whitening Toothpaste 75 ml,6001076003371,61.99,0.07,Household,16-05-2023
Revlon Man Fire and Ice Spark Deodorant Body Spray 120 ml,6001378051919,34.99,0.12,Household,16-05-2023
Hygiene Green Tea Fragranced Hand Wash Refill 500 ml,6007875482225,56.99,0.5,Household,16-05-2023
Coffee Seed Exfoliating Face Sheet Mask 1 Pc,6009223003359,24.99,,Household,16-05-2023
Kids Raspberry and Sweet Mint Fragranced Body Wash 500 ml,6009223962182,69.99,0.5,Household,16-05-2023
Sensodyne Multi Care Medium Toothbrush 1 pk,6001076001148,62.99,,Household,16-05-2023
Gillette Mach 3 Plus Blade Cartridges 5 pcs,7702018606597,239.99,,Household,16-05-2023
OralFresh Dual Action Medium Toothbrush,6009223584469,32.99,,Household,16-05-2023
Almond Milk and Vanilla Shower Cream 500 ml,6009217583034,79.99,0.5,Household,16-05-2023
Dettol Skincare Sakura Blossom Liquid Hand Wash Refill 500 ml,6001106227180,69.99,0.5,Household,16-05-2023
L’Oréal Elvive Colour Protect Shampoo 700 ml,3600522981213,124.99,0.7,Household,16-05-2023
Kids Raspberry and Sweet Mint Fragranced Foam Bath 1 L,6009223962090,89.99,1.0,Household,16-05-2023
Mitchum Advanced Ice Fresh Invisible Roll-On 50 ml,6001378048575,45.99,0.05,Household,16-05-2023
Garnier SkinActive Even and Matte Vitamin C Protective Day Cream 50 ml,3610340655777,119.95,0.05,Household,16-05-2023
OralFresh Whitening Soft Toothbrush,6009223584452,32.99,,Household,16-05-2023
OralFreshPro Gum Care Soft Toothbrush,6009223584384,39.99,,Household,16-05-2023
Sulphate Free Strengthening Conditioner for Damaged Hair 400 ml,6009217580286,134.99,0.4,Household,16-05-2023
L’Oreal Elvive Dream Lengths Restoring Shampoo 700 ml,3600523705108,124.99,0.7,Household,16-05-2023
Garnier SkinActive Even and Matte Vitamin C Cleansing Gel Wash 400 ml,3600542446204,130.0,0.4,Household,16-05-2023
Colgate Total 12 Vitamin C Toothpaste 75 ml,6920354832802,51.99,0.07,Household,16-05-2023
Kotex All Nighter Maxi Sanitary Pads 8 pk,6001019909500,21.99,,Household,16-05-2023
Mitchum Men Invisible Pure Energy Deodorant Spray 120 ml,309970121327,49.99,0.12,Household,16-05-2023
Kotex Maxi Super Wings Pads 8 pk,6001019907100,21.99,,Household,16-05-2023
Always Maxi Normal Sanitary Pads Value Pack 20 pk,4015400267638,48.99,,Household,16-05-2023
Nivea Men Deep Anti-Blackhead Facial Scrub 75 ml,4005900626356,89.99,0.07,Household,16-05-2023
Dettol Herbal Hygiene Soap 175 g,6001106123864,17.99,0.17,Household,16-05-2023
Wooliesbabes Aloe Vera and Vitamin E Fragranced Baby Wipes 4 x 64 pk,6009214801933,129.99,,Household,16-05-2023
Wooliesbabes Aloe Vera and Vitamin E Fragrance Free Baby Wipes 4 x 64 pk,6009214801186,129.99,,Household,16-05-2023
Brown Algae and Vitamin C Brightening Under-Eye Mask 2 Pack,6009217044122,49.99,,Household,16-05-2023
Berocca Performance Multivitamin Effervescent Tablets 10 pk,6003787022054,109.99,,Household,16-05-2023
"Eucalyptus, Lavender and Bergamot Relax Body Butter 200 ml",6009217998517,89.99,0.2,Household,16-05-2023
Mitchum Men Advanced Mountain Air Roll-On 50 ml,6001378048568,45.99,0.05,Household,16-05-2023
Nivea Men Cool Kick Fresh Roll on 50 ml,42419327,29.99,0.05,Household,16-05-2023
Sulphate Free Anti-dandruff Shampoo for Normal Hair 250 ml,6009214515397,89.99,0.25,Household,16-05-2023
Protex Deep Clean Charcoal AntiGerm Soap 150 g,8718951539099,15.99,0.15,Household,16-05-2023
OralFresh Dual Action Soft Toothbrush 2 pk,6009223606109,52.99,,Household,16-05-2023
Compral Pain Tablets 24 s,6009695584455,34.99,,Household,16-05-2023
Baby Soft Supreme Quilts 2 Ply Toilet Paper 12 pk,6001019911879,99.99,,Household,16-05-2023
Efferflu C Immune Booster Plus Citrus Flavoured Effervecent Tablets  20 pcs,6009657984729,89.99,,Household,16-05-2023
OralFresh Dual Action Soft Toothbrush,6009223584476,32.99,,Household,16-05-2023
Always DreamZzz Airy Soft Maxi Thick Extra Long Sanitary Pads 16 pk,8001841803876,48.99,,Household,16-05-2023
Protex Plus Moisture Lock Sensitive AntiGerm Soap 150 g,8718951512917,17.99,0.15,Household,16-05-2023
Kids Apple and Pear Fragranced Hand Wash 250 ml,6009223962045,44.99,0.25,Household,16-05-2023
"Jojoba, Sunflower and Olive Oil Conditioning Hair Oil 50 ml",6009214515458,49.99,0.05,Household,16-05-2023
OralFresh Whitening Medium Toothbrush,6009223584445,32.99,,Household,16-05-2023
Nivea Naturally Good Calming Oat Body Lotion 350 ml,6001051004683,89.99,0.35,Household,16-05-2023
Kids Raspberry and Sweet Mint Fragranced Hand Cleanser Spray 50 ml,6009223663812,29.99,0.05,Household,16-05-2023
Gillette Skinguard Sensitive Razor and Cartridge,7702018500062,244.99,,Household,16-05-2023
Kids Apple and Pear Fragranced Foam Bath 1 L,6009223962144,89.99,1.0,Household,16-05-2023
Gaviscon Original Aniseed Liquid Suspension 300 ml,6001106109912,179.99,0.3,Household,16-05-2023
Nivea Anti-Age 3-in-1 Q10 Hand Cream 75 ml,6001051004188,49.99,0.07,Household,16-05-2023
Mitchum Advanced Control Sport Deodorant Spray 120 ml,6001378050813,49.99,0.12,Household,16-05-2023
Lil-Lets SmartFit™ Everyday Freshness Thin Unscented Pantyliners 100 pk,6009508407087,43.99,,Household,16-05-2023
Organics Daily Care Aloe Vera Shampoo 400 ml,6001087392273,54.99,0.4,Household,16-05-2023
Schick Xtreme 3 Eco Disposable Razors for Women 6 pk,4891228309930,99.95,,Household,16-05-2023
Moisturising Chamomile Fragranced Soap Bar 2 x 100 g,6009214662886,36.99,0.2,Household,16-05-2023
Kids White Luxury Soft Triple Ply Pocket Tissues 9 x 10 pk,6009223606161,36.99,,Household,16-05-2023
Schick Xtreme3 Eco Disposable Razors for Men 6 pk,4891228309923,99.95,,Household,16-05-2023
Vitamin E and C Skin Boosting Gel Mask Sachet 10 ml,6009217207022,26.99,0.01,Household,16-05-2023
L’Oréal Elvive Colour Protect Conditioner 700 ml,3600523015184,124.99,0.7,Household,16-05-2023
Dove Original Beauty Cream Bar 4 x 90 g,8720182256836,57.99,0.36,Household,16-05-2023
Parodontax Extra Fresh Toothpaste 75 ml,6005591400202,43.99,0.07,Household,16-05-2023
Deep Nourishing Hair Mask 250 ml,6009223003441,94.99,0.25,Household,16-05-2023
Organics Daily Care Aloe Vera Hair Conditioner 400 ml,6001087392280,54.99,0.4,Household,16-05-2023
Wooliesbabes Gentle Care 99 % Water Fragrance Free Baby Wipes 64 pk,6009214801193,54.99,,Household,16-05-2023
Kotex Daily Protect Unscented Normal Pantyliners 40 pk,6001019904017,29.99,,Household,16-05-2023
Pure Beginnings Natural Chest Rub 50 ml,6009824780550,94.99,0.05,Household,16-05-2023
Lavender White Luxury Soft Triple Ply Tissues 60 pk,6009223663751,32.99,,Household,16-05-2023
Lil-Lets Organic Non-Applicator Super Tampons 16 pk,6009508409234,56.99,,Household,16-05-2023
Sulphate Free Conditioner All Types Colour Treated Hair 250 ml,6009214515229,89.99,0.25,Household,16-05-2023
Aunt Jackie’s Quench! Moisture Intensive Leave-In Conditioner 355 ml,34285693121,129.99,0.35,Household,16-05-2023
Cucumber and Chamomile Glycerine Soap 100 g,6009189287060,39.95,0.1,Household,16-05-2023
Cal-C-Vita Orange Flavoured Vitamin C and Zinc 30 Pcs,6009697612224,204.99,,Household,16-05-2023
Colgate Naturals with Aloe Vera and Gum Care Toothpaste 75 ml,6920354828263,71.99,0.07,Household,16-05-2023
Pink Exfoliating Clay Mask Sachet 10 ml,6009217216338,26.99,0.01,Household,16-05-2023
L’Oréal Elvive Dream Lengths Detangling Conditioner 400 ml,3600523586912,89.99,0.4,Household,16-05-2023
Orange Peel and Wild Mint Leaf Energise Body Wash 250 ml,6009223132639,59.99,0.25,Household,16-05-2023
Revlon Man Fire and Ice Blaze Deodorant Body Spray 120 ml,6001378051858,34.99,0.12,Household,16-05-2023
Nivea Organic Argan Oil Regenerating Night Cream 50 ml,4005900701077,44.99,0.05,Household,16-05-2023
Kotex All Nighter Ultra Sanitary Pads 7 pk,5029053569680,27.99,,Household,16-05-2023
Dettol Herbal Hygiene Bar 4 x 175 g,6001106228293,57.99,0.7,Household,16-05-2023
Night Cream for Dry and Sensitive Skin 50 ml,6009217044061,99.99,0.05,Household,16-05-2023
Revlon Love That Red Perfumed Body Spray 90 ml,6001378060324,33.99,0.09,Household,16-05-2023
Cal-C-Vita Orange Flavoured Immune Support Effervescent Tablets 10 Pcs,6003787024010,86.99,,Household,16-05-2023
Elastoplast Marvel Plasters 20 pk,4005800268090,41.99,,Household,16-05-2023
Nivea Naturally Good Cotton Flower and Oil Infused Shower Gel 300 ml,4005900783080,69.99,0.3,Household,16-05-2023
Dettol Active Hygiene Bar 4 x 175 g,6001106228279,57.99,0.7,Household,16-05-2023
Garnier SkinActive Even and Matte Vitamin C Dark Spot Corrector 30 ml,3610340610394,140.0,0.03,Household,16-05-2023
Kids Raspberry and Sweet Mint 2 in 1 Shampoo and Conditioner 250 ml,6009223962274,64.99,0.25,Household,16-05-2023
Efferflu C Immune Booster Orange Flavoured Effervescent Tablets 20 pcs,6009657981759,89.99,,Household,16-05-2023
Lemon Verbena Hand Wash Refill 500 ml,6007875077773,56.99,0.5,Household,16-05-2023
Urea and Shea Butter Infused Ultra Moisturising Hand Balm 75ml,6007875737004,39.99,,Household,16-05-2023
OralFreshPro Whitening Soft Replacement Head Toothbrush 4 pcs,6009223584407,67.99,,Household,16-05-2023
Sulphate Free Shampoo All Types Colour Treated Hair 250 ml,6009214515236,89.99,0.25,Household,16-05-2023
Mitchum Men Natural Power Amber and Sandalwood Gel Cream Roll On 63 g,309970203429,94.99,0.06,Household,16-05-2023
Vicks VapoLozenges Honey Lemon Flavoured Lozenges 24 Pcs,8001841949918,82.99,,Household,16-05-2023
Wooliesbabes Hedgehog Design Reusable Pouch and Fragrance Free Baby Wipes 32 pk,6007875180527,69.99,,Household,16-05-2023
Gentle Soft 1 Ply Toilet Rolls 8 pk,6007875624809,73.99,,Household,16-05-2023
Dove Deeply Nourishing Shower Gel 500 ml,8712561593533,67.99,0.5,Household,16-05-2023
Face Gel Cleanser for Normal and Combination Skin 150 ml,6009217044092,79.99,0.15,Household,16-05-2023
Parodontax Whitening Toothpaste 75 ml,6005591400240,43.99,0.07,Household,16-05-2023
Nivea Men Cool Kick Fresh Deodorant Spray 150 ml,6001051004775,43.99,0.15,Household,16-05-2023
Cal-C-Vita Orange Flavoured Vitamin C and Zinc 15 Pcs,6009697612217,109.99,,Household,16-05-2023
Mitchum Women Natural Power Lime and Eucalyptus Gel Cream Roll On 63 g,309970203412,94.99,0.06,Household,16-05-2023
Gillette Mach3 Turbo Razor Handle with Blades,7702018514311,229.99,,Household,16-05-2023
Oralfresh Toothbrush Covers 4 pk,6009223606130,39.99,,Household,16-05-2023
Transact Anti-Inflammatory Patches 5 pk,6001106128463,199.99,,Household,16-05-2023
Always Normal Unscented Daily Liners 80 pk,8001090542304,64.99,,Household,16-05-2023
Wooliesbabes Aloe Vera and Vitamin E Fragrance Free Baby Wipes 20 pk,6009214801971,24.99,,Household,16-05-2023
Nivea Men Deep Black Carbon Espresso Body Spray 150 ml,6001051003754,45.99,0.15,Household,16-05-2023
Nivea Diamond and Argan Oil Caring Shower Cream 500 ml,6001051004379,69.99,0.5,Household,16-05-2023
Centrum Kids Gummies 30 pcs,6005591400158,159.99,,Household,16-05-2023
Almond Milk and Vanilla Hand Wash Refill 500 ml,6007875077704,56.99,0.5,Household,16-05-2023
"Lavender, Eucalyptus and Bergamot Relax Pillow and Linen Spray 100 ml",6009223003519,79.99,0.1,Household,16-05-2023
Kotex Maxi Normal Pads 10 pk,5029053535760,21.99,,Household,16-05-2023
Vicks Acta Plus 2 in 1 Wet and Dry Cough Syrup 200 ml,8006540339169,109.99,0.2,Household,16-05-2023
Lil-Lets Organic Non-Applicator Regular Tampons 16 pk,6009508409197,28.5,,Household,16-05-2023
Rooibos and Bulbinella Cleansing Bar 150 g,6009214662947,36.99,0.15,Household,16-05-2023
Orange Peel and Wild Mint Leaf Energise Body Butter 200 ml,6009223003298,89.99,0.2,Household,16-05-2023
Kotex Daily Slim Unscented Pantyliners 88 pk,6001019912333,53.99,,Household,16-05-2023
Luxury Silky Soft 3 Ply Toilet Paper 9 pk,6009223937166,88.99,,Household,16-05-2023
"Sulphate Free Smoothing Conditioner Dry, Frizzy Hair 400 ml",6009217583027,134.99,0.4,Household,16-05-2023
Organics Repair and Care with Shea Butter Shampoo 400 ml,6001087392204,54.99,0.4,Household,16-05-2023
Revlon Man Fire and Ice Cool Deodorant Body Spray 120 ml,6001378070255,34.99,0.12,Household,16-05-2023
Pantene PRO -V Superfood Full and Strong Hair Conditioner 360 ml,8001841266992,87.99,0.36,Household,16-05-2023
"Garnier Pure Active Intensive Charcoal 3 in 1 Wash, Scrub and Mask 150ml",3600541921122,139.99,,Household,16-05-2023
Face Foam Cleanser for Dry and Sensitive Skin 150 ml,6009217207091,109.99,0.15,Household,16-05-2023
Sulphate Free Volumising Conditioner for Normal Hair 250 ml,6009214514970,84.99,0.25,Household,16-05-2023
L’Oréal Elvive Dream Lengths Restoring Shampoo 400 ml,3600523586370,89.99,0.4,Household,16-05-2023
Kids Raspberry and Sweet Mint Scented Alcohol Free Wipes 60 pcs,6009223663799,25.0,,Household,16-05-2023
OralFreshPro Whitening Medium Replacement Head Toothbrush 4 pcs,6009223584391,67.99,,Household,16-05-2023
Nivea Naturally Good Aloe Vera Micellar Face Wash 140 ml,4005900770080,79.99,0.14,Household,16-05-2023
Nivea Naturally Good Pampering Avocado Body Lotion 350 ml,6001051004706,89.99,0.35,Household,16-05-2023
Lemon Hand Cleanser 250 ml,6009217617371,49.99,0.25,Household,16-05-2023
Bio-Oil Body Lotion 175 ml,6001159128885,144.99,0.17,Household,16-05-2023
L’Oreal Elvive Dream Lengths Detangling Conditioner 700 ml,3600523587261,124.99,0.7,Household,16-05-2023
Mitchum Advanced Pure Energy Invisible Roll On 50 ml,309970121372,45.99,0.05,Household,16-05-2023
Protein Rich Hair Mask 250 ml,6009223003366,94.99,0.25,Household,16-05-2023
Sulphate Free Strengthening shampoo for Damaged Hair 400 ml,6009217580279,134.99,0.4,Household,16-05-2023
Lemon Verbena Shower Cream 500 ml,6009217593491,79.99,0.5,Household,16-05-2023
Slow-Mag Strawberry Flavoured Effervescent Tablets 30 pk,6006418002609,239.99,,Household,16-05-2023
OralFreshPro Multi Action Extra Soft Toothbrush,6009223584506,54.99,,Household,16-05-2023
Dettol Hygiene Fresh Liquid Handwash Refill 500 ml,6001106227197,69.99,0.5,Household,16-05-2023
OralFreshPro Gum Care Medium Toothbrush,6009223682707,39.99,,Household,16-05-2023
Veet In Shower Cream for Dry Skin 150 ml,3059944020640,149.99,0.15,Household,16-05-2023
Oral-B Mint Flavoured Satin Tape 25 m,5010622017978,109.99,,Household,16-05-2023
Calpol Tablets 24 pk,6001076003067,36.99,,Household,16-05-2023
Sensodyne Pronamel Daily Protection Toothpaste 75 ml,6001076003357,61.99,0.07,Household,16-05-2023
Libresse Dailies Fresh Scented Panty Liners 40 pk,7322540818338,32.99,,Household,16-05-2023
Lil-lets Organic Ultra Thin Regular Pads with Wings 10 Pk,6009508409340,69.95,,Household,16-05-2023
Dead Sea Salt Purifying Clay Mask Sachet 10 ml,6009217216321,26.99,0.01,Household,16-05-2023
Dove Men + Care Cool Fresh Anti-Perspirant Body Spray 150 ml,6001087383318,43.99,0.15,Household,16-05-2023
Face Toner for Dry and Sensitive Skin 250 ml,6009217044078,79.99,0.25,Household,16-05-2023
Charcoal Powder Detoxifying Clay Mask Sachet 10 ml,6009217207060,26.99,0.01,Household,16-05-2023
Aunt Jackie’s In Control Moisturising and Softening Conditioner 426 g,34285697150,129.99,0.43,Household,16-05-2023
White Luxury Soft Triple Ply Pocket Tissues 9 x 10 pk,6009223606154,36.99,,Household,16-05-2023
L’Oréal Elvive Colour Protect Shampoo 400 ml,3600520433424,89.99,0.4,Household,16-05-2023
Aloe and Jasmine White Luxury Soft Triple Ply Tissues 60 pk,6009223663744,32.99,,Household,16-05-2023
Dove Nourishing Care Shower Gel with Argan Oil 500 ml,8710908437304,67.99,0.5,Household,16-05-2023
Nivea Naturally Good Honeysuckle and Oil Infused Shower Gel 300 ml,4005900783097,69.99,0.3,Household,16-05-2023
Face Gel Cleanser 150 ml,6009217044108,84.99,0.15,Household,16-05-2023
Pomegranate Seed Oil Hydrating Gel Mask 10 ml,6009217207046,26.99,0.01,Household,16-05-2023
Colgate Total12 Charcoal Deep Clean Toothpaste 75 ml,6920354827952,51.99,0.07,Household,16-05-2023
Elastoplast Green and Protect Dressing 1 m x 6 cm,4005800310553,58.99,,Household,16-05-2023
Vicks First Defence Nasal Spray 15 ml,5013965704666,169.0,0.01,Household,16-05-2023
OralFresh Kids Soft Toothbrush 3 - 5 years,6009223584292,24.99,,Household,16-05-2023
Pantene PRO -V Superfood Full and Strong Hair Shampoo 360 ml,8001841267203,87.99,0.36,Household,16-05-2023
Garnier SkinActive Even and Matte Vitamin C Booster Serum 30 ml,3600542404525,185.95,0.03,Household,16-05-2023
OralFresh Dual Action Medium Toothbrush 2 pk,6009223584339,52.99,,Household,16-05-2023
Kotex Young Maxi Normal Pads 10 pk,5029053535784,22.99,,Household,16-05-2023
OralFreshPro Zero Alcohol Fresh Mint Mouthwash 50 ml,6009223606116,22.99,0.05,Household,16-05-2023
Lil-Lets Organic Non-Applicator Mini Tampons 16 pk,6009508409210,56.99,,Household,16-05-2023
Anti-Ageing Face Sheet Mask 1 Pc,6009223003342,49.99,,Household,16-05-2023
Vitamin E and C Glowing Clay Mask Sachet 10 ml,6009217207084,26.99,0.01,Household,16-05-2023
Aunt Jackie’s Curl La La Defining Curl Custard 426 g,34285696153,109.99,0.43,Household,16-05-2023
OralFresh Kids Soft Toothbrush 6 Plus Years,6009223584308,24.99,,Household,16-05-2023
Aunt Jackie’s Knot on My Watch Instant Detangling Therapy 355 ml,34285698126,109.99,0.35,Household,16-05-2023
Almond Milk and Vanilla Fragranced 2 in 1 Hand Cream 30 ml,6007875736489,32.99,0.03,Household,16-05-2023
Organics Repair and Care with Shea Butter Hair Conditioner 400 ml,6001087392235,54.99,0.4,Household,16-05-2023
L'Oreal Elvive Hydra Hyaluronic Moisture Locking Conditioner 400 ml,3600524029647,90.0,0.4,Household,16-05-2023
Fragrance Free Micellar Cleansing Water 400 ml,6009217044115,79.99,0.4,Household,16-05-2023
Dove Purely Pampering Shea Butter Beauty Cream Bar 4 x 90 g,8720181219993,57.99,0.36,Household,16-05-2023
Elastoplast Green and Protect Assorted Plasters 20 pcs,4005800309250,43.99,,Household,16-05-2023
Nivea Men Deep Fragrance Achieve Body Spray 150 ml,6001051004546,43.99,0.15,Household,16-05-2023
Slow-Mag Effervescent Tablets 10 pk,6006418001510,104.99,,Household,16-05-2023
"Eucalyptus, Lavender and Bergamot Relax Foam Bath 500 ml",6009223132653,69.99,0.5,Household,16-05-2023
Lemon Verbena Hand Cleanser 500 ml,6009217617364,64.99,0.5,Household,16-05-2023
Water Mint and Sage Body Wash 500 ml,6009217593521,68.99,0.5,Household,16-05-2023
Shea Butter and Honey Scented Hand Cream 75 ml,6007875736755,39.99,0.07,Household,16-05-2023
Sensodyne Herbal Multi Care Toothpaste 70 ml,6001076003128,44.99,0.07,Household,16-05-2023
Kids Raspberry and Sweet Mint Fragranced Hand Wash 250 ml,6009223962038,44.99,0.25,Household,16-05-2023
SPF15 Day Cream Normal and Combination Skin 50 ml,6009217044047,99.99,0.05,Household,16-05-2023
Panado Effervescent Tablets 16 pk,6009695584721,50.99,,Household,16-05-2023
Kombucha Peel Off Gel Mask 50 ml,6009223003311,49.99,0.05,Household,16-05-2023
Nivea Sun Kids Protect and Care SPF 50+ Sun Lotion 200 ml,4005808439836,199.99,0.2,Household,16-05-2023
Strepsils Warm Ginger Throat Lozenges 24 Pcs,6001106226862,89.99,,Household,16-05-2023
Dove Hydrating Care Shower Gel 500 ml,8710847929069,67.99,0.5,Household,16-05-2023
Aunt Jackie’s Oh So Clean! Moisturising and Softening Shampoo 355 ml,34285699123,109.99,0.35,Household,16-05-2023
Always Airy Soft Maxi Thick Long Sanitary Pads 18 pk,8001090687609,48.99,,Household,16-05-2023
Goji Berry Clay Mask 50 ml,6009223003335,84.99,0.05,Household,16-05-2023
White Luxury Soft Triple Ply Tissues 10 pcs,6009223606147,8.99,,Household,16-05-2023
Aloe Vera Body Wash 500 ml,6009217593514,68.99,0.5,Household,16-05-2023
Dove Men +Care Cool Fresh Anti-Perspirant Roll On 50 ml,6001087383349,29.99,0.05,Household,16-05-2023
Wooliesbabes Aloe Vera and Vitamin E Fragrance Free Baby Wipes 64 pk,6009214801964,39.99,,Household,16-05-2023
Iberogast Digestive Relief Herbal Liquid 20 ml,6009697611791,193.99,0.02,Household,16-05-2023
Always DreamZzz All-Night Maxi Thick Extra Long Sanitary Pads Pack 16 pk,4015400267126,48.99,,Household,16-05-2023
Turmeric Clay Mask 50 ml,6009223003328,84.99,0.05,Household,16-05-2023
Oral-B Pro-Expert Bacteria Blast Medium Toothbrush,3014260108632,93.99,,Household,16-05-2023
OralFreshPro Multi Action Anti-Bacterial Soft Toothbrush,6009223584377,39.99,,Household,16-05-2023
Dove Purely Pampering Coconut Milk Beauty Cream Bar 4 x 90 g,8720181219436,57.99,0.36,Household,16-05-2023
Kids Raspberry and Sweet Mint Detangling Spray 250 ml,6009223962052,44.99,0.25,Household,16-05-2023
Nivea Men Deep Fragrance Spirit Body Spray 150 ml,6001051004560,43.99,0.15,Household,16-05-2023
Intensive Repair Hair Mask 250 ml,6009223003373,94.99,0.25,Household,16-05-2023
Mitchum Advanced Clear Fresh Invisible Roll-On 50 ml,309970121365,45.99,0.05,Household,16-05-2023
Ingram's® Camphor Herbal Body Cream 450 ml,6009523606557,59.99,0.45,Household,16-05-2023
"Sulphate Free Smoothing Shampoo for Dry, Frizzy Hair 400 ml",6009217580293,134.99,0.4,Household,16-05-2023
OralFresh Kids Sweet Mint Mouthwash 500 ml,6009223584285,64.99,0.5,Household,16-05-2023
OralFresh Kids Soft Toothbrush 6+ years,6009223584315,24.99,,Household,16-05-2023
Always Platinum Ultra Thin Extra Long Night Value Pack Pads 12 pk,8001090921468,59.99,,Household,16-05-2023
Pomegranate Seed Oil Clarifying Clay Mask Sachet 10 ml,6009217207077,26.99,0.01,Household,16-05-2023
Vicks Honey and Ginger Cough Syrup 150 ml,5011321453180,94.99,0.15,Household,16-05-2023
Cal-C-Vita Plus Immune Support Effervescent Tablets 30 pk,6009697611975,229.99,,Household,16-05-2023
Lil-lets Organic Ultra Thin Super Pads with Wings 9 Pk,6009508409333,66.99,,Household,16-05-2023
Always Normal Fresh Scent Daily Liners 80 pk,8001090542564,64.99,,Household,16-05-2023
Sulphate Free Volumising Shampoo for Normal Hair 250 ml,6009214514987,89.99,0.25,Household,16-05-2023
Nivea Orange and Avacado Oil Caring Shower Cream 500 ml,4005900257093,69.99,0.5,Household,16-05-2023
Gillette Skinguard Sensitive Cartridge 4 pk,7702018500154,399.99,,Household,16-05-2023
Face Toner for Normal and Combination Skin 250 ml,6009217061358,79.99,0.25,Household,16-05-2023
Protex Plus Moisture Lock AntiGerm Soap 150 g,8718951512863,17.99,0.15,Household,16-05-2023
Sensodyne Repair and Protect Soft Toothbrush 1 pk,6001076001254,69.99,,Household,16-05-2023
Always Maxi Thick Long Sanitary Pads Value Pack 18 pk,4015400267690,48.99,,Household,16-05-2023
3 in 1 Hygiene Hand Sanitiser Spray 500 ml,6009217612031,89.99,0.5,Household,16-05-2023
Disprin Extra Strength 500 mg Effervescent Tablets 16 s,6001106119560,49.99,,Household,16-05-2023
Protex Plus Moisture Lock Nourishing AntiGerm Soap 150 g,8718951512955,17.99,0.15,Household,16-05-2023
L’Oréal Elvive Colour Protect Conditioner 400 ml,3600520433073,89.99,0.4,Household,16-05-2023
Dove Original Beauty Cream Bar 90 g,8720182255716,16.99,0.09,Household,16-05-2023
Almond Milk and Vanilla Fragranced 2 in 1 Hand Cream 75ml,6007875736458,39.99,,Household,16-05-2023
Charcoal and Shea Butter Cleansing Bar 150 g,6009214662978,36.99,0.15,Household,16-05-2023
Kids Raspberry and Sweet Mint Scented Face and Hands Wipes 10 pcs,6009223663829,19.99,,Household,16-05-2023
Kotex Young Maxi Super Sanitary Pads 8 pk,6001019911794,21.99,,Household,16-05-2023
Gaviscon Double Action Liquid Suspension 300 ml,6001106123222,223.99,0.3,Household,16-05-2023
Kotex Young Ultra Thin Super Sanitary Pads 8 pk,6001019911817,27.99,,Household,16-05-2023
Nivea Organic Aloe Vera Radiance Day Cream 50 ml,4005900701053,94.99,0.05,Household,16-05-2023
Nivea Men Deep Impact Body Lotion 400 ml,6001051004164,79.99,0.4,Household,16-05-2023
Vicks BabyRub 45 g,8001841098449,64.99,0.04,Household,16-05-2023
Nivea Rose and Almond Oil Caring Shower Cream 500 ml,4005900257086,69.99,0.5,Household,16-05-2023
Labello Rosy Nude Crayon Lipstick,6001051004133,78.99,,Household,16-05-2023
Labello 3-in-1 Instant Repair Lip Balm 10 g,6001051004126,52.99,0.01,Household,16-05-2023
